{
  "project_info": {
    "project_number": "149247992211",
    "firebase_url": "https://musicapp-b5f4d.firebaseio.com",
    "project_id": "musicapp-b5f4d",
    "storage_bucket": "musicapp-b5f4d.appspot.com"
  },
  "client": [
    {
      "client_info": {
        "mobilesdk_app_id": "1:149247992211:android:0c6601241911be72f44866",
        "android_client_info": {
          "package_name": "com.musicapp"
        }
      },
      "oauth_client": [],
      "api_key": [
        {
          "current_key": "AIzaSyCh6q95KDI3LFM8KZkJpTEPLn8b5C2xn5Y"
        }
      ],
      "services": {
        "appinvite_service": {
          "other_platform_oauth_client": [
            {
              "client_id": "149247992211-08g4t9p34lgd1jgpig8p2olhalik5vb6.apps.googleusercontent.com",
              "client_type": 2,
              "ios_info": {
                "bundle_id": "org.tilpark.musicapp"
              }
            }
          ]
        }
      }
    }
  ],
  "configuration_version": "1"
}